<?xml version="1.0" encoding="UTF-8"?><extract_contract_participation_share_holdings><details_statement><group_top_requisites><organ_registr_rights>Межмуниципальный отдел по Павловскому, Вачскому и Сосновскому районам Управления Федеральной службы государственной регистрации, кадастра и картографии по Нижегородской области (Павловский район)</organ_registr_rights><date_formation>2025-06-19</date_formation></group_top_requisites></details_statement><details_request><date_received_request>2025-06-19</date_received_request><date_receipt_request_reg_authority_rights>2025-06-23</date_receipt_request_reg_authority_rights></details_request><land_record><object><common_data><cad_number>52:18:0000000:29607</cad_number></common_data></object><params><category><type><code>003002000000</code><value>Земли населенных пунктов</value></type></category><permitted_use><permitted_use_established><by_document>Многоэтажная жилая застройка (высотная застройка)</by_document></permitted_use_established></permitted_use><area><value>7756</value></area></params><address_location><address><readable_address>Российская Федерация, Нижегородская область, городской округ город Нижний Новгород, город Нижний Новгород, улица 2-я Оранжерейная, земельный участок 4</readable_address></address></address_location></land_record><right_records><right_record><record_info><registration_date>2023-09-08T12:00:45+03:00</registration_date></record_info><right_data><right_type><code>001001000000</code><value>Собственность</value></right_type><right_number>52:18:0000000:29607-52/300/2023-3</right_number></right_data><right_holders><right_holder><legal_entity><entity><resident><name>ОБЩЕСТВО С ОГРАНИЧЕННОЙ ОТВЕТСТВЕННОСТЬЮ "СПЕЦИАЛИЗИРОВАННЫЙ ЗАСТРОЙЩИК "НОВЫЙ ГОРОД"</name><inn>5262340606</inn><ogrn>1165275036211</ogrn></resident></entity></legal_entity></right_holder></right_holders></right_record></right_records><deal_records><deal_record><record_info><registration_date>2025-06-23T08:50:36+03:00</registration_date></record_info><deal_data><deal_number>52:18:0000000:29607-52/157/2025-442</deal_number><deal_type><code>454003000000</code><value>Договор участия в долевом строительстве</value></deal_type><subject><share_subject_description><house_descriptions><house_description><location_description>Многоквартирный дом с помещениями общественного назначения и стоянкой автомобилей №2 (по генплану) по ул. 2-я Оранжерейная в Советском районе г. Нижний Новгорода, расположенный по адресу: Российская Федерация, Нижегородская область, город Нижний Новгород, ул. 2-я Оранжерейная (адрес строительный), на земельном участке с кадастровым номером 52:18:0000000:29607.</location_description><house_number>2</house_number><plan_room_quantity>452</plan_room_quantity><plan_rooms_area>13927.39</plan_rooms_area><first_contract_mark>false</first_contract_mark><first_ddu_date>2023-11-10</first_ddu_date><room_descriptions><room_description><room_name>кладовая</room_name><room_number>К4</room_number><floor_number>-2</floor_number><room_area>3.35</room_area><purpose><code>206001000000</code><value>Нежилое</value></purpose><transfer_deadline>не позднее 30.09.2026 года</transfer_deadline><guarantee_period>3 года</guarantee_period></room_description></room_descriptions></house_description></house_descriptions><ods_description>Объект долевого строительства, находящийся по адресу: Многоквартирный дом с помещениями общественного назначения и стоянкой автомобилей №2 (по генплану) по ул. 2-я Оранжерейная в Советском районе г. Нижний Новгорода, расположенный по адресу: Российская Федерация, Нижегородская область, город Нижний Новгород, ул. 2-я Оранжерейная (адрес строительный), на земельном участке с кадастровым номером 52:18:0000000:29607. в доме № 2 кладовая на -2 этаже №К4, площадью 3.35 кв. м.</ods_description><bank>Публичное акционерное общество "Сбербанк России", ИНН: 7707083893, ОГРН: 1027700132195</bank></share_subject_description></subject></deal_data><deal_parties><deal_party><concession_mark>false</concession_mark><party_type><code>22</code><value>Участник долевого строительства</value></party_type><party_info><individual><surname>Дружинин</surname><name>Евгений</name><patronymic>Александрович</patronymic><birth_date>1985-09-28</birth_date><birth_place>Пос. Эльбан Амурского р-на Хабаровского края</birth_place><citizenship><person_citizenship_country><citizenship_country><code>848000000643</code><value>Российская Федерация</value></citizenship_country></person_citizenship_country></citizenship><snils>082-152-335 36</snils><identity_doc><document_code><code>008001001000</code><value>Паспорт гражданина Российской Федерации</value></document_code><document_name>паспорт гражданина Российской Федерации</document_name><document_series>2209</document_series><document_number>432288</document_number><document_date>2009-11-20</document_date><document_issuer>УФМС России по Нижегородской обл. в Воротынском р-не</document_issuer></identity_doc><contacts><mailing_addess>обл Нижегородская, г Нижний Новгород, б-р 60-летия Октября, д 21, к 3, кв 113</mailing_addess></contacts></individual></party_info></deal_party></deal_parties><underlying_documents><underlying_document><document_code><code>558401010201</code><value>Договор участия в долевом строительстве</value></document_code><document_name>Договор участия в долевом строительстве многоквартирного дома</document_name><document_number>4к – 2/2025</document_number><document_date>2025-06-18</document_date></underlying_document></underlying_documents></deal_record></deal_records><recipient_statement>Дружинин Евгений Александрович</recipient_statement></extract_contract_participation_share_holdings>